1180368129732;Roberts, Smith and Davis
5137063836124;Stanton Inc
1122286837914;Meyer-Williams
5230540579220;Gomez Group
5022648289880;Fletcher and Sons
5122765806037;Keller PLC
1060986145901;Patterson Inc
1200379533650;Williams Group
5204602123149;Harrell and Sons
5052822964739;Mills Group
1131849467331;Kelley-Lucas
5122246792344;Novak LLC
1091308921241;Kline, Berry and Williams
5177836946953;Smith, Garcia and Dixon
5157492024180;Benjamin-Barnes
1234740929488;Manning LLC
1015085311152;Payne-Bailey
1053350812800;Rogers-Beard
5187278246051;Lopez-Estes
1052480050259;Vang-Douglas
5095479032446;Myers, Wheeler and Williams
1146889636266;Cochran and Sons
5161607883498;Johnson-Foster
5141725976233;Mccarthy-Blackwell
5217756461258;Rodriguez, Smith and Soto
1054861173751;Schmitt-Fletcher
5155666451881;Hart-Garcia
1158830311617;Bell PLC
1088079432320;Webb-Adams
5098204817717;Johnson, Ward and Bell
1096677990397;Monroe-Patterson
1021115490000;Harrison Ltd
1158323859627;Gonzalez and Sons
5141672924575;Hall, Lee and Murphy
1085657358863;Hughes, Scott and Jones
1113541072028;King-Santos
5050670079280;Newton, Hernandez and Anderson
5174482907022;Washington, Irwin and Phillips
1213720097051;Woods PLC
5068854748090;Charles-Parsons
1252469863810;Velasquez-Sandoval
5065859583554;Jones, Moore and Taylor
1056062822430;Moran-Hodge
5042003530751;Little PLC
1150289649751;King, Mcfarland and Smith
1067843542172;Edwards and Sons
5039194042454;Jones Inc
1061323510930;Duran-Barnes
5014458756967;Johnston, Ramirez and Anderson
1124774608914;Wyatt-Kelly
5085016511256;Cannon PLC
5091034281729;Smith, Boone and Buchanan
1201065332984;Webb, Smith and King
5247223836723;Tate-Henry
5076052767490;Davis, Ellis and Davenport
1015623618163;Johnson, Manning and Mcdaniel
1091389608243;Jackson Inc
5133775277510;Martin-Allen
5044031638844;Kline, Adams and Perez
5131821474978;Rivera PLC
1111338004140;Reid, Keller and Ortega
5242440467858;Diaz, Paul and Pineda
1166702905863;Powell Ltd
5184044119078;Miller-Henderson
5121233909264;Mcguire, Palmer and Kline
5241870727302;Becker, Kim and Johnson
1110817453119;Sutton, Contreras and Miller
1176983341842;Williams-Green
1104916695278;Clark-Holmes
1034042626419;Jones, Harrell and Carr
1240104688163;Jimenez, Irwin and Baker
1207513503120;Smith PLC
5048293735200;Schneider-Martin
1256951533717;Rodriguez Inc
5101300945741;Cox LLC
5185417273300;King, Beltran and Miller
1163917568836;Hill and Sons
5054370579643;Murray Inc
1155901346875;Bailey, Smith and Woodard
1180223708510;Robertson Group
1031620295266;Schwartz PLC
1025949138621;Cochran, Lyons and Scott
1102578161927;Snyder, Lopez and Goodwin
1100115164049;Davis LLC
1034297056276;Spencer Group
5216695867240;Sanford Inc
1247109051364;Bolton, Garrett and Gonzales
1094929576169;Mejia, Baker and Farley
1214347007830;Watson-Webb
5076876361931;Brown, Schneider and Turner
5117257459776;Morris-Parker
1155128232742;Miller and Sons
1187899824540;Freeman-Hoffman
1027343915884;Fisher Inc
1200656737577;Moyer-Reeves
1214550587118;Murphy, Gilmore and Petersen
5190124403431;Ray, Wilson and Lewis
1047031023005;Bray, Reid and Glenn
5067935379804;Edwards, Gill and Thompson
5107924156203;West-Black
5157480888604;Nolan Ltd
5196459845600;Velasquez LLC
1201583537440;Pearson, Marsh and Hunt
1256888320501;Dickson, Waters and Oliver
5103131401852;Rogers LLC
5168807481541;Davis-Fuller
5118875555871;Wang-Brennan
1233463200134;Rose PLC
5113719135668;Calderon, Myers and Miller
1186190697153;Young, Graves and Jimenez
1211710700849;Davis Ltd
5206605068731;Smith, Robertson and Ball
1192469039290;Campbell Group
1016952455827;Walton-Rodriguez
1076727515919;Holmes, Olson and Hurley
5055305381434;Miller Ltd
5042203473791;Johnson, Cooper and Nguyen
5058254815603;Mcknight Ltd
1111634738269;Espinoza-Rich
5195621142305;Taylor-Richardson
1121133099031;Lewis Inc
5146163303457;Nelson, Schmidt and Smith
1094997444244;Delgado, Chapman and Williams
1111371156324;Collins and Sons
5064631149721;Ellis-Bennett
5042421809084;Dodson-Lopez
1123461540817;Hudson-Novak
1080642344750;Davis and Sons
5127982108711;Ryan, Golden and Rice
5058908528234;Smith PLC
5164140757831;Lucero, Rodriguez and Reynolds
1167638503867;Payne, Thomas and Brown
5188500155553;Howell LLC
5234327662510;Schmitt LLC
1128927891290;Whitehead-Davis
1122143190553;Hudson, Hayes and Miller
5138270923786;Miller-Valdez
5163127977580;Rogers PLC
5221604157902;Wilson-Vazquez
5039146838561;Hayes, Donovan and King
1216128678688;Rice, Ochoa and Case
1085517395369;Snow-Moyer
5204092153678;Gonzalez-Munoz
5227142587887;Turner, Chang and Cunningham
1011972342238;Brown Group
1108265240500;Chung-Jones
1038028355133;Montgomery, Silva and Cannon
5160693615880;Green, Hays and Cummings
5138518410256;Lee, Woods and Weaver
1165771545796;Tucker-Rodriguez
5119199368811;Beck Ltd
5248163871775;Dillon LLC
5247422791809;Harper-Thompson
1198380880994;James, Smith and Williams
1010686126373;Estrada-Pearson
1034330423654;Clark-Holloway
5155730810615;Smith Inc
1126807773190;White, Wright and Jones
1246878713553;Heath, Dyer and Rasmussen
5076126250921;Rios, Davis and Stevens
5212263022549;Garcia, Collins and Brock
1017399449077;Davis-Cook
1115101880035;Medina, Booth and Young
5049118862876;Jones LLC
1085526563473;Mclean-Marshall
1164003131434;Price, Brandt and Porter
1242456140300;Rivas, Lee and Shannon
1026360346132;Dawson-Romero
5178291165201;Winters and Sons
1128163388055;Nelson-Mccarty
1103527993293;Winters-Pace
5171413362269;Fuller, Sharp and Rogers
1136477269708;Henderson-Oneill
1155872499331;Hardy, Shaw and Swanson
1022278302265;Jones-Scott
5027712178742;Little, Jenkins and Smith
1097751421569;Griffin, Flores and Gonzalez
5078546678645;Roberts and Sons
1164619875210;Francis-Jones
1145881275957;Morris, Briggs and Norris
1058914994731;Murray, Salazar and George
1013788667970;Bennett, Ibarra and Snyder
1144571374430;Lewis-Ward
1251683067899;King Inc
1056927657380;Lawson Group
1140290240628;Sandoval-Graham
5030989472630;Potter-Schultz
5091842837620;Williams, Burton and Anderson
5154086666663;Bush PLC
5223250763665;Jones, Hill and Kemp
5142785811229;Gray Inc
5236257918309;Barr-Ortega
5103216922353;Shelton-Barajas
1110873389021;Lopez PLC
1220868536272;Miranda, Jackson and Morris
1190827466830;Anderson-Gallagher
5222108480083;Allen and Sons
5114366996321;Thompson LLC
5118890553744;Villanueva, Sanchez and Dickson
1137535776872;Hamilton, Calderon and Peters
5112702906806;Bradley, Sharp and Flores
5198493977270;Perez Group
5111909750915;Flores-Randolph
1231878760827;Ballard-Rodriguez
5179059460179;Clark PLC
1231144308053;Garcia-Carter
1212500776729;Gilbert Group
1164987087704;Mccarthy Group
5137196380404;Bowman Group
1076553605226;Christensen-Reed
1233245081662;Garcia, Warner and Kelly
1065666448539;Collins, Adams and Olson
5085848842976;Murillo-Yates
5032291312158;Rojas and Sons
1010991135770;White, Anderson and Greer
5114743552017;Alexander, Moore and Myers
1072200978420;French and Sons
5063992105744;Montgomery, Tanner and George
1067946658163;Stout LLC
1239114184870;Welch, Todd and Pierce
5218624545277;Kelly LLC
5210294797290;Haley, Cooper and Williams
1231992035637;Jones-Carter
1100276157035;Kane, Hill and Velez
1116615963254;Herrera and Sons
1076993735356;Hoffman LLC
5186507970149;Lee, King and Reid
1027477278366;Kaiser Inc
5157258385060;Hall-Lee
1108254698353;Roberts LLC
1240946530538;Lewis-Benitez
1230662574031;Nguyen and Sons
1155399859779;Smith, Wood and Davis
5174048852599;Wilson Group
5128980209056;Ryan, Carlson and Hudson
1142836200473;Santos, Owens and Garcia
5195934204329;Nguyen-Silva
1050324332310;White-Winters
5197008037496;Edwards PLC
5051643304356;Ford, Nelson and Gray
5093677128122;Baker-Berry
1248252402793;Clark-Mueller
5066691205840;Brown-Perry
5234668771266;Palmer, Hensley and Taylor
5139132131298;Mccullough-Brown
1066197206030;Alvarez-Guzman
1107892862362;Obrien-Chandler
1098766826014;Lawson-Rojas
5256924347081;Robertson Inc
5101332320733;Jackson Inc
5134867388706;Nelson, Barr and Kirby
5099082254354;Sims Group
1015902764570;Carson Inc
5011460497516;Petersen-Cochran
5100759568091;George and Sons
5024540401672;Hayes-Hunter
5125259657661;Brown Ltd
1226410473376;Sullivan-Gonzalez
5034208422782;Gay LLC
5050972621926;Garcia Group
5021168260493;Stone-Cooper
1206441319369;Salazar-Mcdonald
1103564767690;Anderson, Richardson and Walker
1136426701003;Cruz, Flores and Cole
5052525672007;Harvey, Holt and Payne
5032328280276;Clark, Burns and Carney
5071224143436;Crawford PLC
5107890393584;Harris-Davis
1137515515510;Mack-Lambert
5175342068182;Ortiz-Evans
5113527440527;Harris-Eaton
5248497695507;Zamora-Wright
5217574237689;Shaw Inc
1110121253703;Wright, Burke and Smith
5082142525482;Nguyen Group
1017328156559;Rogers-Watson
5159030976682;Turner-Hall
1145615293240;Terry, Fuller and Sexton
1165252320760;Morris and Sons
1025667933675;Daniel LLC
1207850280912;Fletcher Group
5082341553180;Edwards, Hutchinson and Bowman
1160725864298;Mccarthy Inc
5085060786476;Watson-Woods
1078792859045;Reilly, Valenzuela and Sanchez
5186867079603;Knight-Lam
1217368127350;Webb, Cooper and Garcia
5241724039222;Hicks, Evans and White
1258878070164;Riley-Parker
1080794852896;Lopez Inc
5198267145588;Kelley PLC
5067636635116;Doyle LLC
5203846487829;Montgomery, Baker and Holmes
1246388712866;Morales, Miranda and Mcdaniel
1068563612105;Wilson-Dawson
1040230628536;Mitchell, Johnson and Todd
5241880922377;Howard-Patrick
1120441545696;Reyes, Chaney and Tyler
5251984760055;Rodriguez, Lewis and Cline
5175234111729;Delgado, Pierce and Crawford
5141702466692;Garcia PLC
5232855330736;Black Ltd
5111000627447;Hanna, Murray and Ross
5144563728359;Turner-Morris
1078462184514;Jimenez LLC
5067463549555;Smith, Garcia and Olson
1221222972563;Kelly, Jenkins and Hunt
5076118171773;Willis and Sons
5082986213569;Blake-Thompson
1213705221290;Brown Inc
1152615838132;Ward Inc
1183114799867;Grant, Ellis and Gentry
5221137419509;Thomas PLC
5251091236743;Hanson, Kim and Durham
1021840560334;Parker Inc
5230984532422;Andrews LLC
5160558178567;Conrad, Rogers and Miller
5133929891178;Graham and Sons
1162628728536;Wise, Frey and Foster
5073256693780;Parker, Lewis and Alexander
5011806361001;Martinez PLC
1222979057674;Beck, Moyer and George
1181176492496;Baker-Garcia
5116220451353;Wiley, Walton and Brown
1083925046886;King and Sons
1167402794118;Allen, Mata and Bryant
5144735952169;Wilkinson, Hayes and Gonzalez
1156127144238;Holt-Potter
5243380887096;Ellis and Sons
1022389842386;Reyes-Smith
1044673546653;Miller-Dalton
1077179045811;White-Johnson
5045746605141;Elliott, Smith and Shaw
1122690530038;Rice, Adkins and Crane
1146853326377;Parker, Joseph and Miller
1083654274549;Beck, Mckinney and Bennett
1107227231462;Weaver, Brown and Stewart
5182573466752;Dean-Sanchez
1056830476999;Smith-Jones
5235334492520;Henderson, Brooks and Stephenson
5041355607090;Morgan-Jones
1050913516059;Bush, Ramirez and Parker
5047585898146;Clark-Hardy
1067034096216;Chen, Garcia and Brown
1217010919003;Harris, Cole and Wright
5117332169257;Patton Group
5217585063218;Wong-Frye
1194717747036;Tran-Kelly
1221113117884;Kelly-Peterson
1253981536181;Williams Ltd
5175685546680;Velasquez, Yang and Ayala
5116797340732;Collins, Johnson and Wells
1218649752199;Simpson-Wright
1147517175585;George-Price
5242093010737;Fisher-Lopez
1153591389401;Fisher-Rhodes
5190591341353;Rodriguez, Robbins and Davis
5148911207814;Kramer, Douglas and Davis
1030218586342;Carter PLC
5066458292819;Gonzales Group
5234963929536;Blair-Jimenez
5121907121342;Baker-Fletcher
5043668099690;Buckley-Ferguson
5250544192553;Evans Inc
1232668596918;Hicks-Yates
5184687498089;Edwards PLC
5183911009541;Schmidt-Franco
1087881929959;Ross PLC
1033669090487;Sanchez Inc
1232983813700;Ball, Jenkins and Smith
5137356154337;Robertson Ltd
1094360163688;Thomas Ltd
1168398209704;Mcgrath Group
1172053551230;Holder-Cannon
5139089585597;Fields-Shah
5203535395652;Robinson-Johnston
1236429401064;Burton and Sons
5123267023226;Haynes-James
5072504700769;Glover Ltd
1055310385459;Moreno, Cruz and Oneill
5036793128170;Brown PLC
5111517834852;Gordon Ltd
5206389339052;Adams-Mcmahon
1241956441979;Griffin, Smith and Moore
5082392158514;Jimenez, Obrien and Mata
1096541507083;Davis, Clay and Lopez
1062118363449;Jackson Ltd
1191526403650;Rivera, Gray and Bailey
5187078479682;Hardy-Frye
5253734401861;Allen-Young
1099021919820;Lucas, Moore and Gomez
1160881861140;Green, Williams and Chavez
5032081412809;Williams, Parker and Young
5087233716972;Fernandez, Henry and May
1160785203182;Ellis, Perkins and Flores
5208022879741;Woods, Gonzalez and Moore
5096582575777;Stevenson-Cain
1253307777755;Porter, Jordan and Miller
1214989350025;Cook-Cruz
5189097094368;Johnson Group
5146260086671;Reeves-Reynolds
5121953716572;Owen PLC
5222865397519;Johnson, Cook and Rhodes
5108852935549;Wilson-Floyd
1240873869389;Holloway, Obrien and Mays
1113743157770;Thomas PLC
1135375596828;Fletcher and Sons
1202685076329;Davis LLC
5049054120737;Baker, Aguirre and Rowland
5115803436172;Monroe-Hernandez
1154865346679;Levy, Bowman and Black
5106508288520;Carter-Adams
5187638876915;Brown-Leonard
5190775946521;Kennedy LLC
5106294540842;Graham-Brewer
1067017289602;King LLC
5195980997812;Martinez, Cummings and Madden
5126080183356;Cohen, Jacobs and Esparza
1044161876813;Cobb, Watson and Lee
1145892860960;Hanson, Carson and House
5115102366880;Dillon PLC
5106158720718;Hart, Davidson and Fowler
1236748394255;Martinez and Sons
1242784605084;Sampson-Thomas
5111304487290;Ross-Sloan
1222656992150;Wells, Salinas and Miller
5223601945760;Miller-Collins
1107214337009;Jordan-Branch
5164075342030;Lyons Group
5069039368591;Wilkerson-Lane
1099275956812;Stanton and Sons
5208839576226;Russell PLC
1155523525310;Cooper, White and West
1224040379089;Wright-Nielsen
5126491688560;Reynolds-Lutz
5074520582021;Hernandez, Chang and Kelly
5245803713359;Santiago, Shannon and Smith
5037890064780;Brown-Wilkerson
1061485140826;White, James and Reilly
1231312341666;Contreras-Cruz
5111386130510;Grant, Jones and Watkins
5014929600330;Edwards Inc
5029263728236;Bowen, Murphy and Cooley
1106875575036;Walker, Lopez and Simmons
1193956442734;Hartman-Wilkinson
1052568492833;Cook, Mason and King
5070974450795;Hoover, Huang and Parker
1191064629722;Wells, Morris and Bruce
1017846080889;Mills and Sons
5147885828844;Harris Group
1252661715459;Davis, Watson and Obrien
1185073581824;Acosta-Burns
5136552232977;Knapp-Huang
1181435782351;Bishop, Ayala and Henderson
1104922591542;Zimmerman, Contreras and Hill
5232283595616;Shaw, Mendez and Thompson
5030608253033;Leach-Lopez
1022232339018;Delgado-Paul
5160838488300;Erickson and Sons
5060659950775;Hunt, Smith and Jensen
5026048026824;Perry-Hamilton
1247216429800;Wells, Rodriguez and Johnson
5196873416075;Lane Group
5148633346967;Maldonado, Guerrero and Woods
5124313953396;Jackson-Knight
1100265607200;Berry, Ho and Green
5031673870091;Evans-Duran
5096430732063;Sandoval-Guerra
5068322252631;Snyder PLC
1104709574958;Hayden PLC
1196702013970;King-Flynn
5205581699692;Hall, Trevino and Hodge
5245458379700;Burch-Williams
5033563373773;Knox, Kane and Garcia
1107319808529;Flores, Lopez and Walker
1203214207756;Brown-Lewis
1053595974134;Williamson LLC
1038747451687;Cochran-Rubio
5084751943690;Walker-Melendez
1125673636450;Richmond, Scott and Bonilla
5258980682230;Alvarez PLC
1056962660864;Davis, Dalton and Perez
1074685080854;Brown and Sons
5254530863813;Jones, Gill and Pratt
5184018567046;Harris, Lawson and Morgan
1210424378010;Brown-Robertson
5120286344140;Phillips, Stevens and Lynch
5185512989514;Gill Group
5053966640118;Perez-Garcia
1148871001234;Hernandez LLC
1095776868791;Porter-Young
5032079001477;Velez-Foley
1245422230569;Cooley-Gardner
5035834970452;Brown, Lynch and Davis
1045272624517;Oliver-Ramirez
1049040200505;Quinn, Berry and Wells
5162483893094;Green, Rodriguez and Griffin
1056128217441;Miller Inc
1248727486435;Garcia Inc
1142449874863;Stewart-Graham
1231939157284;Tucker, Fields and Hoffman
5081631229191;Grant, Werner and Jacobs
5023588744284;Brown, Jones and Ramos
5140877853507;Jacobs PLC
1244369833730;Jenkins, Wright and Jackson
1106287697449;Ruiz, Jones and Braun
1244908805184;Davis, Thomas and Hall
1030208720277;Clarke, West and Swanson
5133340835425;Smith Ltd
5018947026863;Gaines, Torres and Bowen
1153299586912;Smith-Dalton
5117489939837;Miller and Sons
5142726521625;Johnson, Hill and Keith
1030825322153;Moreno, Keller and Martin
5046367680464;Ryan-Horne
5222528925988;Reyes-Walters
5016565414630;Garcia-Anthony
1098466161661;Roth-Duffy
5254310274796;Klein Inc
1217735075062;Brown-Mcgrath
5063574052009;Mann Inc
1221411485657;Smith-Bowers
5060870681890;Scott and Sons
5213147425453;Hickman, Roach and Davis
1244047451647;Meadows LLC
1210229437021;Wilson, Harrison and Webb
1120495946570;Blanchard, Reed and Ayala
1232999682739;Moody-Johnson
5146284327954;Adams, Cruz and Fernandez
1086816209370;Martin-Davis
1140258050657;Jackson, Fuller and Jones
1248872870840;Ramos, Snow and Aguirre
5203648241891;Nguyen-Lozano
1039273183399;Schneider, Golden and Williams
5211631734254;Vasquez-Brown
5180861415378;Wang Ltd
5193094753165;Owen, Johnson and Carpenter
5051754232371;Mitchell, Lane and Martin
1061809941225;Davidson, Crawford and Meyer
1254530437930;Avila and Sons
1027775542167;Gilbert, Henson and Fox
1141296172214;Miller PLC
1086505572394;Green-Hall
5108934082406;Raymond, Dougherty and Burns
1134603721581;Larson, Rice and Howard
5041089923628;Snyder LLC
1152362594185;Rivera and Sons
5177599643348;Martinez-Walker
1023862306291;Rodriguez Group
1226953849781;Barron LLC
1257742466035;Morris-Collins
1184963480602;Gordon, Conner and Caldwell
5022747006519;Boyer Inc
5065453702045;Jimenez-Rivas
1012365193895;Jones, Stanley and Yang
1214979580859;Smith, Salas and Bradford
5195560594345;West-Woodward
1104494921277;Rice, Webb and Hayes
1245058741069;Davis, Nichols and Stephens
5145163112232;Turner-Welch
1238558411299;Pena, Hobbs and Taylor
5130459079394;Huang, James and Grant
5058554994955;Johnson LLC
1141303794642;Henderson, Campbell and Nelson
1236151697671;Yoder, Adams and Clark
5193908997948;Brown-Villegas
1245799257340;Bowen PLC
1118965256948;Morris, Hensley and Giles
5104636345325;Reed, Tucker and Medina
1109043925814;Carter LLC
5018261688077;Sanders-Perry
5184086080316;Young-Perez
5034701065394;Collins, Griffin and Mitchell
1232046531100;Lyons-Page
1062099637874;Perez-Boyd
5165095875918;Jones, Harrison and Ryan
5196147406483;Carroll-Turner
1021221640770;Rogers and Sons
1133019345260;Glenn and Sons
1072123974416;Bautista-Martinez
5037652106839;Mason, Long and Le
5201530046559;James Group
5152967219477;Jones-Wong
1235443138974;Johnson, Allison and Ramirez
5152147058465;Cooper Ltd
1106698260118;Hill Inc
1040243148263;Smith, Jones and Moore
1181476808303;Hughes-West
1085465619348;Nunez, Flores and Frank
1219226162473;Gray-Jones
5046448243144;Oliver-Rivera
5134384116587;Tyler LLC
1158949140679;Diaz-Andrews
1183001434219;Brown, Allen and Pennington
1031045146593;Moreno-Moore
5052076969412;Roberts, Bowman and Nash
5222912114090;Hatfield-Ramirez
5086199819580;Fox Ltd
5238372885383;Gentry, Roberts and Ford
1207155919541;Brown-Hernandez
1238894816093;Montoya Ltd
5062623278449;Dawson-Mcbride
1175127037403;Hall LLC
1245769103293;Hicks PLC
5152308125173;Estrada-Johnson
1160950124565;Haas, Mata and Hall
1096588058082;Norton and Sons
5246710648487;Miller, Duran and Pena
1088916691181;Walker-Reed
5098394758886;Walsh Group
5201958348796;Thompson LLC
5060439631269;Henson Group
1096620591781;Baker LLC
1232863140620;Lloyd and Sons
5252730466027;Rivera, Jackson and Clements
5038764970547;Cunningham, Whitaker and Stanley
5240666363196;Flores-Silva
1166337134688;Adams-Weber
1076413527960;Pena-Lopez
5143100604323;Jackson-Johnson
1191834229729;Melton Ltd
5246305831965;Carroll-Simpson
1234505067983;Hayes Group
5202560779328;Martin, Whitney and Martin
1203557479575;Barker, Jackson and Harris
5028815263725;Parsons, Jordan and Weaver
5221180288995;Carpenter, Jackson and Pena
5217004849760;Mclean and Sons
5027077904299;Riggs-Lucas
1180309282658;Foster-Underwood
5251955236902;Stewart-Wright
1170256463310;Dudley, Lee and Fisher
1213281509616;Sanders, King and Nicholson
1128861697030;Murphy, Thompson and Wise
1192687577664;Thornton Inc
5203133114950;Frazier-Lewis
1109053998151;Miller LLC
5011088193166;Davis Ltd
5105353956770;Martinez Ltd
5162421498883;Clarke-Payne
1215189251133;Morrison PLC
1026258580710;Montgomery-Mason
1105402888810;Pierce-Payne
5192773421407;Schwartz, Colon and Chavez
5016148221579;Roberson LLC
1244397090156;Potter-Jones
1193595781576;Green Inc
5231563005031;Barrett Inc
5072839792922;Craig-Harris
5180729216014;Peterson, Cruz and Pitts
1255934538045;Khan, Nguyen and Barr
1132803869076;Thomas-Miller
5090988816056;Smith PLC
1017775193842;Avila LLC
5183875567310;Johnson, Kidd and Howard
1162520609613;Schneider, Saunders and Simpson
1202786785376;Torres, Jones and Thomas
5150704855087;Palmer-Wilson
1207133189306;Owen, Burnett and Shepard
1190238946127;Gray-Allen
1252011919334;Soto Inc
1164424907778;York and Sons
1251428472932;Shea Ltd
1154647729180;Clark, Rowland and Oconnell
5251533528901;Sanchez Inc
1173257319036;Ramos, Miller and Wright
5033754401258;Zimmerman-Torres
1259079941977;Jacobs Ltd
1026231307410;Brown-Frost
1243670468250;Hamilton-Burns
1063440018509;Davis-Wong
1166804212486;Clements-Maldonado
5125006560014;Mcfarland-Sanchez
1142528484340;Chase, Smith and Williams
5224181127506;Ball, Clark and Chen
1102242206846;Michael LLC
1116545884982;Scott, Rivera and Cantrell
1133710552315;Henderson, Clark and Williams
5106548349155;Gray-Thomas
1061031078195;Bailey, Nielsen and Hardy
5164107776597;Day-Anderson
5235571463276;Lowe, Bray and Jones
1226409962272;Morrison, Mcconnell and Mercado
5250101159743;Kirby, Foster and Hart
5048682410740;Cook, Butler and Lloyd
1176524868398;Griffith Ltd
5025834859595;Hayes, Horton and Fernandez
1140242325189;Walker, Wallace and Marshall
5030863816100;Brown-Garcia
5081158677892;Hahn-Brown
5255653712056;Lee, Klein and Graham
1235572119012;Allen, Clark and Young
5166432637674;Turner-Mann
5094258603820;Velazquez-Cole
1112837489698;Byrd, Herrera and Hess
5257631387371;Crawford and Sons
1147605084241;Romero LLC
5248973662856;Sullivan-Johnson
1055929013909;Griffin, Clark and Romero
5024285102122;Thomas, Davidson and Brock
1180430108033;Anderson-Ross
5046809136886;Sloan, Thomas and Gilmore
1046408105171;Lindsey-Howard
1035206458506;Myers, Smith and Thompson
1197615043471;Caldwell LLC
1233182590233;Davis, Allen and Harris
1081212079365;Cervantes Inc
5194589429733;Mcdowell-Daniels
1200397939543;Schmidt Ltd
1252367789410;Chase and Sons
1076790851488;Black, Davidson and Nelson
1062500396045;Blair-Fuentes
5256466411812;George and Sons
5180267887344;Walters-Jones
1081526652272;Lawrence, Hubbard and Chapman
5243614236620;Smith-Ingram
5083008027790;Shaw, Gilbert and Thomas
5231980378185;Graham-Cabrera
1083592563262;Lawrence-Davidson
1130119606440;Pope Inc
5018228401912;Hernandez-Chapman
1092634747171;Becker Group
5213803086030;Richards-Gibbs
1055359420797;Phillips, Arnold and Martinez
5036499949712;Watts-Smith
5157524127569;Buck, Freeman and Ramirez
1114045060557;Bean-Walker
5094517396310;Barton, Johnson and Carr
1254878150427;Lewis-Turner
1253372991233;Goodwin, Cardenas and Carroll
1042476691454;Kim Group
5057941346315;Oconnor, Evans and Manning
1077237089148;Pitts Inc
5228307237296;Robinson, Sullivan and Anderson
5201160698206;Matthews, Thomas and Garza
5029017980547;Blake PLC
5098207430690;Gutierrez, Wood and Brooks
5061821428390;Roberts-Hernandez
1020607695547;Porter, Haynes and Wood
5152425852442;Wilson Inc
1162957793448;Williams, Gutierrez and French
5103088429065;Hopkins-Craig
5164273118610;Reynolds LLC
5027241525328;Campbell, Beard and Howard
1243617171841;Mcdaniel, Howell and Allen
5063958206054;Burke, Allison and Macias
5010256894038;Brown-Lynch
1257329370165;Lopez, Smith and Vargas
1110967084469;Taylor and Sons
5014238614682;Arnold-Berry
5037339682452;Johnson-Miranda
1196710499930;Haynes-White
1253202794789;Moreno PLC
1136421761838;Santiago Inc
1211407727486;Khan Ltd
1013256911293;Cooper PLC
1245701512231;Campbell, Lee and Wagner
5130796766315;Mckinney-Martin
1225907293237;Stephens, Walker and Morris
5174655107182;Rich, Cooper and Wilson
1013038768731;Stevens, Simmons and Ellis
1104385661775;Hardy-Barnett
5233425517694;Richards, Thornton and Gilbert
5134732667812;Jackson-Foster
1025599281300;Steele-Pearson
1176339526989;Rush, Gordon and Pineda
1244404277985;Myers-Phillips
5156483717275;Caldwell Inc
5156833081422;Gibbs, Miller and Chapman
1184588336459;Murray, Hansen and Campbell
5224746963128;Moore-Cuevas
5217777949186;Moon-Miller
5156396292905;Fleming, Martin and Lane
5251395886957;Schmidt LLC
1241823198429;Davis LLC
5042681570652;Luna PLC
1233879783390;Burgess-Thompson
5203482335106;Booth-Chavez
5233810019416;Brown-Hull
1063172932965;Osborne-Villa
5249208340849;Green-Young
5121438762594;Hays, Jackson and Montgomery
1016037379160;Martin, Soto and Howard
5173686068530;Young and Sons
5096528364500;Gomez Ltd
5045556600546;Cole-Burke
1176450931800;Ward LLC
1066040542589;Thomas Inc
1101398066835;Leonard Inc
5195526395422;Avila LLC
5054368474177;Bradley-Young
1219239281997;Mccormick Ltd
1116004359536;Russell, Nelson and Cox
5112689046070;Hall, Quinn and Flores
1062697541411;Rowe-Salinas
1112906043172;Welch Group
1116442310710;Lopez, Soto and Mclaughlin
1061917601536;Grant PLC
1237989897474;Robertson-Cross
1223178121198;Lewis, Ochoa and Rosario
1118632539464;Smith, Williams and Coleman
5140256957011;Barnes, Robinson and Kelley
5010220932300;Newman, Crawford and Brown
1027173266559;Parsons, Combs and Terrell
1031099592886;Norton-Blair
5186385321942;Stewart, Chang and Graham
5176985919611;Williams, Mendoza and Goodwin
1149135000838;Carroll-Miller
1082946509337;Wang, Hicks and Hoover
5247675245406;Ross-Mueller
1206729339981;Savage-Flores
1038913194484;Evans Group
1195632676469;Roberts, Jenkins and Lucas
5184401830784;Price, Roberts and Miller
1112661011550;Nguyen-Wiley
1172712660230;Morris-Burke
5101770799785;Cabrera-Molina
1160770403452;Brock Ltd
5122304250261;Santiago, Chung and Patterson
5220671113075;Page, Griffin and Garrett
5191016423109;Schmidt Group
5033709293756;Vargas Group
1180987645662;Marsh PLC
5234237546615;Murphy-Gonzalez
1216949704894;Jones and Sons
1181403520044;Hobbs Group
5205345512444;Rose, Flores and Young
1232267760086;Brown-Robinson
1026276654678;Miles PLC
5236164125930;Bailey and Sons
1106903246526;Castaneda Ltd
5233026332017;Brown Inc
1056610186643;Daugherty-Petersen
1044745511106;Rose-Wall
1243233625360;Wilson, Randall and Cunningham
1142567034147;Craig, Byrd and Ewing
1184956769140;Myers LLC
1052976638109;Atkinson, Johnson and Vazquez
1182631848838;Patterson-Ryan
5094665451491;Barnett-Rivas
1240220743773;Murray, Olson and Jones
1091672816630;Young-Grant
1132561749429;Turner and Sons
1041777414931;Myers Ltd
1068919529403;Cameron, Hayes and Estrada
5078511937411;Torres, Hudson and Haney
1030232280616;Griffith Inc
5230156003347;White Group
1048899752791;Hayes, Patterson and Villarreal
5071253166628;Richardson Inc
5034430872977;Hahn Inc
5042361342491;Miller, Koch and Russell
5092606198306;Carlson, Hutchinson and Small
5148989178091;Orozco, Lopez and Johnson
5156992635520;Owens LLC
5253496235669;Frederick, Santiago and Duncan
1118137988726;Lopez Inc
5173991360307;White Inc
5156642207332;Mcdaniel, Green and Gonzalez
1190802239803;Black-White
5054063672427;Villarreal-Snyder
1016452243719;Buckley Inc
1194379653247;Gibson, Rivas and Arnold
1128157353873;Crawford, Williams and Knight
1237915634703;Lutz-Moore
1218787995700;Haynes-Jones
5255819815092;Galvan Group
5187781428159;Cohen, Brown and Holland
1094346455422;Gonzalez-Ball
5011000586031;Davis and Sons
1204648807978;Hartman, Castaneda and Smith
1204576044727;Anderson Ltd
5072853704040;Rowe, Pena and Stone
1105447442583;Hayes, Campbell and Wilson
1218430757093;Thomas Inc
1201940687134;Rice, Oliver and Lewis
1239207725580;Mann-Lee
1186408608363;Allen-Diaz
1010607061904;Mann LLC
1086389196057;Shaw Ltd
5046397127376;Ford, Miller and Green
5077941059092;Austin-Smith
1092235785707;Ho Ltd
1119064534676;Johnson, Olsen and Alexander
1091967781916;Turner, Wade and Roy
1117532902145;Hodge, Pena and Mcclain
1254059385227;Weiss PLC
5033849357383;Ibarra-Gonzalez
1207731373002;Barnes, Peck and Morales
1195766379467;Webb LLC
5124248087057;Pena, Hawkins and Johnson
1174507757984;Serrano Group
5020765490202;Morris, Conner and Miller
1136261690454;Farrell-Lee
1160986530748;Grant, Thomas and Ford
5212039366490;Duncan-Jones
5027601527025;Lewis and Sons
1138103290786;Woods-Garcia
1019116453322;Barnes, Moreno and Brown
5177889576904;Solis, Johnson and Robbins
5041648679826;Davis Group
5186506839811;Johnson-Oneal
5248014202002;Steele, Munoz and Hunt
1207913905638;Duarte and Sons
1025140261739;Whitehead, Crawford and Chambers
1117017858385;Kelley-Dunn
5214154436381;Melendez-Sanchez
1183165280341;Jones, Becker and Boyd
1028740972831;Ward-Meyer
1090990137413;Martin, Brown and Wilson
1131352525150;Wilkinson-Schmidt
5171837463969;Sims, Davis and Carroll
5137749675102;Carson-Jackson
1183843780460;Davis Ltd
5092086135213;Woodard PLC
5056607898111;Lee, Simpson and Allen
1177169975245;Rice Ltd
5240395302153;Reese and Sons
5182335857358;Brown Ltd
5207244167081;Schaefer and Sons
1202772226348;Dorsey Ltd
1076367887760;Martin, Jackson and Campos
1095282663178;Hendricks, Kirk and Solomon
5035831453994;Cummings, Cummings and Matthews
1208347961590;Juarez, Floyd and Hunter
1227151301706;White-Diaz
1077350600249;Martinez, Mitchell and King
5046227767669;Gonzalez PLC
1234283479198;Rodriguez-Cook
5118833234438;Hernandez-Evans
1065611865274;Williams Ltd
1023018202228;Lopez, Moore and Harris
5045427112726;Contreras, Jackson and Williams
5159210275989;Freeman Inc
5036666333292;Hampton-Nash
1165270092240;Mcdonald LLC
5131364947929;Moore-Carter
1060960542631;Simon, Thompson and Perez
1216303775269;Baker-Warren
1184165686649;Perry and Sons
5070390583588;Rivers Ltd
1128952160754;Harper-Edwards
5066559948857;Williams PLC
5021212636913;Whitaker Inc
5064386636980;Anderson, Norris and Weber
5115063863932;King PLC
5184339176632;Johnson, Barnes and Moody
5104761432276;Phillips, Johnson and Morris
1016764012165;Dennis, Mercado and Mccullough
1064004404496;Calhoun Inc
5257918408017;Barron-Hernandez
1091687222637;Alvarado PLC
1202616099124;Kaiser and Sons
5198779300583;Green-Brady
1206598420181;Morris, Thomas and Ferrell
1058991802319;Keith-Ross
1252447435679;King and Sons
1231660212211;Robinson-Johnson
1122837200540;Love LLC
5066405787806;Walker, Jackson and Duke
5083896032149;Thomas Inc
1027359598078;West-Levy
5196071621048;Brown, Conrad and Townsend
1178226970096;Matthews and Sons
1252556827632;Sherman and Sons
5143953120845;Mahoney, Miller and Alvarado
1112482405001;Martinez-Mcdowell
1196806926238;Butler-Moss
5048586462623;Taylor Ltd
1200954263850;Farmer-Mendoza
5124371536670;Hunter PLC
5164676746757;Meyer-Bryant
1138483234592;Sanders, Barnett and James
1055250284649;Morrison-Hebert
1022621528731;Allen PLC
5118521718222;Shelton, Medina and Berry
1023344515446;Ramirez, Gonzalez and Goodman
1071379078297;Boyle, Davis and Jones
5028417445953;King PLC
1181217468651;Rosales-Long
5082054144750;Kelly Ltd
5220508073209;Morrow, Fisher and Mercer
5170412996210;Fuentes-Stewart
5034759278330;Walker-Wright
1130839877134;Graham and Sons
5024413198410;Oconnor-Clements
5130533144100;Anthony-Barber
1248145152826;Huffman LLC
1139254852208;Miller, Bates and Shaw
1198595196249;Edwards and Sons
5162512800676;Reed-Martinez
5240674912528;Mccall, Williams and Harding
1158223558778;Kelly and Sons
1081053371552;Carpenter, Ali and Garner
1250982103613;Love Inc
5023182643897;Jones-Swanson
1187390149440;Christensen Group
5043429572710;Taylor-Hobbs
1048257775180;Ramirez Group
5206278283514;Fernandez PLC
